{"mean":{"confidence_interval":{"confidence_level":0.95,"lower_bound":597977281.2,"upper_bound":610865781.4},"point_estimate":603623493.0,"standard_error":3351956.8783258987},"median":{"confidence_interval":{"confidence_level":0.95,"lower_bound":597365407.0,"upper_bound":609490530.5},"point_estimate":599794197.5,"standard_error":2520728.768106086},"median_abs_dev":{"confidence_interval":{"confidence_level":0.95,"lower_bound":983010.4844480753,"upper_bound":14073956.089237332},"point_estimate":4287876.309674978,"standard_error":3232207.4003150174},"slope":null,"std_dev":{"confidence_interval":{"confidence_level":0.95,"lower_bound":2659055.6597280004,"upper_bound":15452961.836326115},"point_estimate":11176716.920633944,"standard_error":3509070.0187850296}}