{"mean":{"confidence_interval":{"confidence_level":0.95,"lower_bound":483512890.79875,"upper_bound":499766811.61375004},"point_estimate":490721829.35,"standard_error":4189806.3445753455},"median":{"confidence_interval":{"confidence_level":0.95,"lower_bound":480700946.0,"upper_bound":498319905.0},"point_estimate":487110515.0,"standard_error":4122360.4498209185},"median_abs_dev":{"confidence_interval":{"confidence_level":0.95,"lower_bound":1793216.1583140492,"upper_bound":19549324.55433011},"point_estimate":10855788.262671232,"standard_error":4734226.379715644},"slope":null,"std_dev":{"confidence_interval":{"confidence_level":0.95,"lower_bound":4875534.8932261085,"upper_bound":19474299.103461895},"point_estimate":14003394.755065382,"standard_error":4072260.728296278}}