{"mean":{"confidence_interval":{"confidence_level":0.95,"lower_bound":1025581740.1,"upper_bound":1036723002.01},"point_estimate":1030932045.0,"standard_error":2856044.059151599},"median":{"confidence_interval":{"confidence_level":0.95,"lower_bound":1022487120.0,"upper_bound":1037978423.5},"point_estimate":1029748942.0,"standard_error":4004952.1179755414},"median_abs_dev":{"confidence_interval":{"confidence_level":0.95,"lower_bound":2370353.409817815,"upper_bound":16366612.364834547},"point_estimate":10522688.078784943,"standard_error":3463601.2922859555},"slope":null,"std_dev":{"confidence_interval":{"confidence_level":0.95,"lower_bound":5248460.53221933,"upper_bound":12156184.736037025},"point_estimate":9546690.22047433,"standard_error":1820127.699593201}}