{"mean":{"confidence_interval":{"confidence_level":0.95,"lower_bound":677956523.0975,"upper_bound":693782085.2475001},"point_estimate":685930521.9,"standard_error":4045341.571400715},"median":{"confidence_interval":{"confidence_level":0.95,"lower_bound":675984562.0,"upper_bound":694357003.0},"point_estimate":688270481.5,"standard_error":3796571.0626959214},"median_abs_dev":{"confidence_interval":{"confidence_level":0.95,"lower_bound":677255.3744763136,"upper_bound":23479011.382064223},"point_estimate":9860532.243740559,"standard_error":6802785.212527991},"slope":null,"std_dev":{"confidence_interval":{"confidence_level":0.95,"lower_bound":6583494.72505032,"upper_bound":17668660.181866694},"point_estimate":13491208.683021734,"standard_error":2835203.4462949717}}