{"mean":{"confidence_interval":{"confidence_level":0.95,"lower_bound":1504343258.0,"upper_bound":1519731658.4},"point_estimate":1511402220.0,"standard_error":3935105.2045688434},"median":{"confidence_interval":{"confidence_level":0.95,"lower_bound":1504760080.0,"upper_bound":1514962532.0},"point_estimate":1510107226.0,"standard_error":2658308.595458875},"median_abs_dev":{"confidence_interval":{"confidence_level":0.95,"lower_bound":2190626.7106086016,"upper_bound":18030308.96009803},"point_estimate":7563077.533328533,"standard_error":3711608.0572872353},"slope":null,"std_dev":{"confidence_interval":{"confidence_level":0.95,"lower_bound":3648340.7867639856,"upper_bound":19038679.76839387},"point_estimate":13098543.67497444,"standard_error":4206424.118418848}}