{"mean":{"confidence_interval":{"confidence_level":0.95,"lower_bound":332089601.53000003,"upper_bound":338528168.58750004},"point_estimate":335303539.25,"standard_error":1651100.79749633},"median":{"confidence_interval":{"confidence_level":0.95,"lower_bound":330914255.5,"upper_bound":340672228.0},"point_estimate":334806578.0,"standard_error":2650795.7738145553},"median_abs_dev":{"confidence_interval":{"confidence_level":0.95,"lower_bound":1277198.3494251966,"upper_bound":9247415.626725554},"point_estimate":5920189.599345624,"standard_error":2036187.4796722417},"slope":null,"std_dev":{"confidence_interval":{"confidence_level":0.95,"lower_bound":3358078.2034586333,"upper_bound":6748141.90861907},"point_estimate":5506725.460386761,"standard_error":866151.2707721352}}