{"mean":{"confidence_interval":{"confidence_level":0.95,"lower_bound":36619884.29111111,"upper_bound":37626029.02127778},"point_estimate":37145551.96380952,"standard_error":257684.0467706843},"median":{"confidence_interval":{"confidence_level":0.95,"lower_bound":36559022.35,"upper_bound":37787626.71111111},"point_estimate":37353547.28571428,"standard_error":300467.0264677586},"median_abs_dev":{"confidence_interval":{"confidence_level":0.95,"lower_bound":135456.18162849924,"upper_bound":1488378.4776760011},"point_estimate":766930.4750675932,"standard_error":347583.64900441153},"slope":{"confidence_interval":{"confidence_level":0.95,"lower_bound":37076301.65147107,"upper_bound":37569683.68444444},"point_estimate":37308449.98441558,"standard_error":124780.01951672},"std_dev":{"confidence_interval":{"confidence_level":0.95,"lower_bound":410731.3742461362,"upper_bound":1090908.3431970805},"point_estimate":856819.3389978446,"standard_error":171091.95706027013}}