{"mean":{"confidence_interval":{"confidence_level":0.95,"lower_bound":414078290.1,"upper_bound":435029053.8},"point_estimate":423289651.5,"standard_error":5419173.219506942},"median":{"confidence_interval":{"confidence_level":0.95,"lower_bound":408902156.5,"upper_bound":428099577.5},"point_estimate":422260339.75,"standard_error":5410349.08806159},"median_abs_dev":{"confidence_interval":{"confidence_level":0.95,"lower_bound":1696844.1948249936,"upper_bound":25219401.391366124},"point_estimate":9432431.87199086,"standard_error":5691997.184743911},"slope":null,"std_dev":{"confidence_interval":{"confidence_level":0.95,"lower_bound":6856419.499913259,"upper_bound":25994702.894421473},"point_estimate":18101480.957913283,"standard_error":5852436.571324875}}