{"mean":{"confidence_interval":{"confidence_level":0.95,"lower_bound":326899413.15,"upper_bound":332516201.55},"point_estimate":329369859.0,"standard_error":1428939.355869763},"median":{"confidence_interval":{"confidence_level":0.95,"lower_bound":326291848.5,"upper_bound":333265502.25},"point_estimate":327682759.25,"standard_error":1451930.2721915077},"median_abs_dev":{"confidence_interval":{"confidence_level":0.95,"lower_bound":331197.2668200731,"upper_bound":6815602.146948874},"point_estimate":2032042.9989740252,"standard_error":1315320.7358685883},"slope":null,"std_dev":{"confidence_interval":{"confidence_level":0.95,"lower_bound":1084646.872068898,"upper_bound":6003480.654443215},"point_estimate":4773420.587849032,"standard_error":1313422.8108644267}}