{"mean":{"confidence_interval":{"confidence_level":0.95,"lower_bound":187215543.15833333,"upper_bound":190871108.76666668},"point_estimate":188900579.8333333,"standard_error":939510.4531921593},"median":{"confidence_interval":{"confidence_level":0.95,"lower_bound":187380237.33333334,"upper_bound":189973152.5},"point_estimate":188221983.1666667,"standard_error":769485.3631353587},"median_abs_dev":{"confidence_interval":{"confidence_level":0.95,"lower_bound":341977.49832869315,"upper_bound":4407197.438156605},"point_estimate":1676893.4647291973,"standard_error":1011849.9829963834},"slope":null,"std_dev":{"confidence_interval":{"confidence_level":0.95,"lower_bound":1011576.4329150234,"upper_bound":4514877.596571115},"point_estimate":3137210.287296977,"standard_error":969357.2484135327}}