{"mean":{"confidence_interval":{"confidence_level":0.95,"lower_bound":86073698.47481498,"upper_bound":88140560.14331546},"point_estimate":87155763.51275794,"standard_error":531329.1671283094},"median":{"confidence_interval":{"confidence_level":0.95,"lower_bound":85545260.03125,"upper_bound":88615499.2},"point_estimate":87502204.40476191,"standard_error":659474.1594449502},"median_abs_dev":{"confidence_interval":{"confidence_level":0.95,"lower_bound":302649.6807768904,"upper_bound":3175369.5498064137},"point_estimate":1630375.6797650477,"standard_error":718965.6865612334},"slope":{"confidence_interval":{"confidence_level":0.95,"lower_bound":85052355.18227163,"upper_bound":87553487.97409326},"point_estimate":86150807.68961039,"standard_error":632821.1144451669},"std_dev":{"confidence_interval":{"confidence_level":0.95,"lower_bound":860316.0443438073,"upper_bound":2199391.5440461044},"point_estimate":1771153.1083646428,"standard_error":339600.8766485148}}