{"mean":{"confidence_interval":{"confidence_level":0.95,"lower_bound":249.45180502537397,"upper_bound":256.3782871371913},"point_estimate":252.82248741358254,"standard_error":1.7740533488128147},"median":{"confidence_interval":{"confidence_level":0.95,"lower_bound":248.4395229381273,"upper_bound":257.73780328561526},"point_estimate":251.57001737844863,"standard_error":2.7599543404479188},"median_abs_dev":{"confidence_interval":{"confidence_level":0.95,"lower_bound":0.8112818068255373,"upper_bound":9.924377128048834},"point_estimate":5.800935645911835,"standard_error":2.3883309569001687},"slope":{"confidence_interval":{"confidence_level":0.95,"lower_bound":250.43562369858967,"upper_bound":257.45375878722393},"point_estimate":253.897840607624,"standard_error":1.7965132381203377},"std_dev":{"confidence_interval":{"confidence_level":0.95,"lower_bound":3.362642559392155,"upper_bound":7.324668153547296},"point_estimate":5.908729580573175,"standard_error":1.0111139564308225}}