{"mean":{"confidence_interval":{"confidence_level":0.95,"lower_bound":1212583811.6274998,"upper_bound":1225240955.9},"point_estimate":1218952064.8,"standard_error":3231927.659311522},"median":{"confidence_interval":{"confidence_level":0.95,"lower_bound":1211476211.5,"upper_bound":1231112348.0},"point_estimate":1216373513.5,"standard_error":4456923.1220751535},"median_abs_dev":{"confidence_interval":{"confidence_level":0.95,"lower_bound":957618.735998869,"upper_bound":21151462.116086483},"point_estimate":10895278.054270148,"standard_error":5404762.000378536},"slope":null,"std_dev":{"confidence_interval":{"confidence_level":0.95,"lower_bound":6254477.700074536,"upper_bound":13408416.96961668},"point_estimate":10750210.90530552,"standard_error":1857776.7009966716}}