{"mean":{"confidence_interval":{"confidence_level":0.95,"lower_bound":60916863.79388889,"upper_bound":62189225.52813493},"point_estimate":61502169.37605158,"standard_error":327678.8625544663},"median":{"confidence_interval":{"confidence_level":0.95,"lower_bound":60794454.1,"upper_bound":62481174.25},"point_estimate":61012986.29166667,"standard_error":405262.0796173446},"median_abs_dev":{"confidence_interval":{"confidence_level":0.95,"lower_bound":55776.63827309871,"upper_bound":1777458.6379250474},"point_estimate":385433.48372051975,"standard_error":428800.74609302654},"slope":{"confidence_interval":{"confidence_level":0.95,"lower_bound":60941832.27098403,"upper_bound":62069843.73736997},"point_estimate":61393293.47142857,"standard_error":292342.2058847632},"std_dev":{"confidence_interval":{"confidence_level":0.95,"lower_bound":327515.95437553816,"upper_bound":1416611.1197761344},"point_estimate":1095358.7389876095,"standard_error":258086.74344415605}}