{"mean":{"confidence_interval":{"confidence_level":0.95,"lower_bound":699264931.31,"upper_bound":716393538.2},"point_estimate":707808675.7,"standard_error":4388640.26472671},"median":{"confidence_interval":{"confidence_level":0.95,"lower_bound":698791692.0,"upper_bound":719157115.0},"point_estimate":706195185.5,"standard_error":5304164.201200968},"median_abs_dev":{"confidence_interval":{"confidence_level":0.95,"lower_bound":1538577.0182847977,"upper_bound":27609219.856238365},"point_estimate":11207039.918035269,"standard_error":6594226.482757722},"slope":null,"std_dev":{"confidence_interval":{"confidence_level":0.95,"lower_bound":7627247.58076003,"upper_bound":18997750.664740626},"point_estimate":14630762.917569717,"standard_error":2894994.6532689882}}