{"mean":{"confidence_interval":{"confidence_level":0.95,"lower_bound":620213780.6550001,"upper_bound":629721087.9},"point_estimate":624860949.8,"standard_error":2431356.5288347527},"median":{"confidence_interval":{"confidence_level":0.95,"lower_bound":618645136.0,"upper_bound":630057152.0},"point_estimate":625347024.5,"standard_error":2414129.986287126},"median_abs_dev":{"confidence_interval":{"confidence_level":0.95,"lower_bound":273095.6564515829,"upper_bound":14115471.112400293},"point_estimate":6943218.792933226,"standard_error":3473652.632011764},"slope":null,"std_dev":{"confidence_interval":{"confidence_level":0.95,"lower_bound":3862240.757920754,"upper_bound":10795122.59916665},"point_estimate":8123136.416101778,"standard_error":1774660.187742675}}