{"mean":{"confidence_interval":{"confidence_level":0.95,"lower_bound":795276892.3974999,"upper_bound":805169449.5325},"point_estimate":800034592.4,"standard_error":2537242.490271358},"median":{"confidence_interval":{"confidence_level":0.95,"lower_bound":792552890.0,"upper_bound":806045280.0},"point_estimate":799595610.0,"standard_error":3689694.6979364934},"median_abs_dev":{"confidence_interval":{"confidence_level":0.95,"lower_bound":1674235.6571763754,"upper_bound":15205106.480455399},"point_estimate":10001908.529430628,"standard_error":3244612.162520354},"slope":null,"std_dev":{"confidence_interval":{"confidence_level":0.95,"lower_bound":4642315.063641045,"upper_bound":10940055.38835429},"point_estimate":8447728.071744198,"standard_error":1706592.8359096756}}