{"mean":{"confidence_interval":{"confidence_level":0.95,"lower_bound":125269818.86382934,"upper_bound":131549074.83795239},"point_estimate":127932529.11841269,"standard_error":1648080.097229801},"median":{"confidence_interval":{"confidence_level":0.95,"lower_bound":124041655.5,"upper_bound":129421961.33333334},"point_estimate":126664980.46666667,"standard_error":1404048.6107495758},"median_abs_dev":{"confidence_interval":{"confidence_level":0.95,"lower_bound":426813.94446255395,"upper_bound":5867371.719946655},"point_estimate":3497963.3934820667,"standard_error":1504840.6885004325},"slope":{"confidence_interval":{"confidence_level":0.95,"lower_bound":125324559.06493595,"upper_bound":136636758.1933896},"point_estimate":130593377.44415584,"standard_error":3215733.3924114867},"std_dev":{"confidence_interval":{"confidence_level":0.95,"lower_bound":1596846.7629502658,"upper_bound":8053251.598883384},"point_estimate":5499605.930146651,"standard_error":1964138.769107542}}