{"mean":{"confidence_interval":{"confidence_level":0.95,"lower_bound":195549939.86666667,"upper_bound":200537676.46749997},"point_estimate":197918526.63333336,"standard_error":1279265.255309595},"median":{"confidence_interval":{"confidence_level":0.95,"lower_bound":194393370.0,"upper_bound":201686444.66666666},"point_estimate":195913628.5,"standard_error":2334802.0445850464},"median_abs_dev":{"confidence_interval":{"confidence_level":0.95,"lower_bound":523929.3329984171,"upper_bound":6543665.265926711},"point_estimate":3047971.032887712,"standard_error":1858554.7124929363},"slope":null,"std_dev":{"confidence_interval":{"confidence_level":0.95,"lower_bound":2449117.698933648,"upper_bound":5165820.52452492},"point_estimate":4266241.240431721,"standard_error":701053.3403462621}}