{"mean":{"confidence_interval":{"confidence_level":0.95,"lower_bound":193091028.86666667,"upper_bound":197478954.2783333},"point_estimate":195231962.3333333,"standard_error":1123803.6558547034},"median":{"confidence_interval":{"confidence_level":0.95,"lower_bound":192014167.83333334,"upper_bound":198712594.66666666},"point_estimate":194632628.16666666,"standard_error":1490784.4832815733},"median_abs_dev":{"confidence_interval":{"confidence_level":0.95,"lower_bound":754769.6547001452,"upper_bound":6345528.628644347},"point_estimate":3905430.5037647192,"standard_error":1554373.23700412},"slope":null,"std_dev":{"confidence_interval":{"confidence_level":0.95,"lower_bound":2051701.5087694363,"upper_bound":4685247.381586453},"point_estimate":3750448.520885626,"standard_error":664316.3449297727}}