{"mean":{"confidence_interval":{"confidence_level":0.95,"lower_bound":547866253.9,"upper_bound":555670253.4},"point_estimate":551893413.1,"standard_error":1997722.949719078},"median":{"confidence_interval":{"confidence_level":0.95,"lower_bound":546881765.5,"upper_bound":557331921.5},"point_estimate":552261395.0,"standard_error":2481368.4788845177},"median_abs_dev":{"confidence_interval":{"confidence_level":0.95,"lower_bound":1861266.3851559162,"upper_bound":11944480.697143078},"point_estimate":6245703.689816594,"standard_error":2699300.6741309734},"slope":null,"std_dev":{"confidence_interval":{"confidence_level":0.95,"lower_bound":3510049.1295223823,"upper_bound":8344804.664232032},"point_estimate":6640443.4923768025,"standard_error":1240324.114744432}}