{"mean":{"confidence_interval":{"confidence_level":0.95,"lower_bound":389468376.2,"upper_bound":398461304.8125},"point_estimate":393618598.95,"standard_error":2312818.036479384},"median":{"confidence_interval":{"confidence_level":0.95,"lower_bound":387345473.5,"upper_bound":398102586.5},"point_estimate":392941296.25,"standard_error":2735119.424578602},"median_abs_dev":{"confidence_interval":{"confidence_level":0.95,"lower_bound":1588390.5241504312,"upper_bound":12330988.209231198},"point_estimate":7878226.396733522,"standard_error":2611470.379867486},"slope":null,"std_dev":{"confidence_interval":{"confidence_level":0.95,"lower_bound":3561791.0385151748,"upper_bound":10543495.079016827},"point_estimate":7694588.2607915355,"standard_error":1999449.9557837634}}