{"mean":{"confidence_interval":{"confidence_level":0.95,"lower_bound":390329597.33124995,"upper_bound":396780818.65},"point_estimate":393703055.7,"standard_error":1654014.6837180606},"median":{"confidence_interval":{"confidence_level":0.95,"lower_bound":390203473.9375011,"upper_bound":398203679.0},"point_estimate":395147340.0,"standard_error":2199632.1379724904},"median_abs_dev":{"confidence_interval":{"confidence_level":0.95,"lower_bound":1287718.137538433,"upper_bound":9452863.952878118},"point_estimate":4685535.568115115,"standard_error":2078967.2372849227},"slope":null,"std_dev":{"confidence_interval":{"confidence_level":0.95,"lower_bound":2603639.413991782,"upper_bound":6876910.554617582},"point_estimate":5532358.448443078,"standard_error":1063235.633218744}}