{"mean":{"confidence_interval":{"confidence_level":0.95,"lower_bound":34439.01228341241,"upper_bound":37853.92283620629},"point_estimate":35817.6768869853,"standard_error":911.6838760141724},"median":{"confidence_interval":{"confidence_level":0.95,"lower_bound":34001.902730627306,"upper_bound":36302.35407134071},"point_estimate":34921.09615621156,"standard_error":595.6465830465962},"median_abs_dev":{"confidence_interval":{"confidence_level":0.95,"lower_bound":197.5101240359273,"upper_bound":2579.9276749259084},"point_estimate":1374.3213072448316,"standard_error":668.9528819737504},"slope":{"confidence_interval":{"confidence_level":0.95,"lower_bound":34105.11305820596,"upper_bound":35182.21146903914},"point_estimate":34416.66362102842,"standard_error":284.8766031796429},"std_dev":{"confidence_interval":{"confidence_level":0.95,"lower_bound":592.0441232675354,"upper_bound":4526.24649949564},"point_estimate":3034.725804783868,"standard_error":1226.0050578539483}}