{"mean":{"confidence_interval":{"confidence_level":0.95,"lower_bound":318860541.05,"upper_bound":323688896.66125},"point_estimate":321180471.7,"standard_error":1239292.6748214362},"median":{"confidence_interval":{"confidence_level":0.95,"lower_bound":318036727.25,"upper_bound":323724128.25},"point_estimate":320594192.0,"standard_error":1383800.8043776972},"median_abs_dev":{"confidence_interval":{"confidence_level":0.95,"lower_bound":949637.9003405571,"upper_bound":6698081.63613528},"point_estimate":3609713.21336478,"standard_error":1543086.3456489977},"slope":null,"std_dev":{"confidence_interval":{"confidence_level":0.95,"lower_bound":2027920.3880787727,"upper_bound":5380531.49645965},"point_estimate":4119516.168323042,"standard_error":878183.2664249192}}