{"mean":{"confidence_interval":{"confidence_level":0.95,"lower_bound":547688844.6,"upper_bound":560107409.3},"point_estimate":553991372.2,"standard_error":3166111.700295098},"median":{"confidence_interval":{"confidence_level":0.95,"lower_bound":543430355.0,"upper_bound":565298728.0},"point_estimate":554753600.5,"standard_error":4765596.265633363},"median_abs_dev":{"confidence_interval":{"confidence_level":0.95,"lower_bound":1585057.2687596083,"upper_bound":18796515.885195136},"point_estimate":16131155.473914742,"standard_error":4955414.967923082},"slope":null,"std_dev":{"confidence_interval":{"confidence_level":0.95,"lower_bound":6207291.212959253,"upper_bound":12637410.230200516},"point_estimate":10567777.517025473,"standard_error":1603539.7948340264}}