{"mean":{"confidence_interval":{"confidence_level":0.95,"lower_bound":60343052.386250004,"upper_bound":61246409.91875},"point_estimate":60768231.01386905,"standard_error":231040.8921882445},"median":{"confidence_interval":{"confidence_level":0.95,"lower_bound":60223154.6,"upper_bound":61132183.19642857},"point_estimate":60760035.45,"standard_error":330784.9347980739},"median_abs_dev":{"confidence_interval":{"confidence_level":0.95,"lower_bound":35444.777025730524,"upper_bound":1276079.5053550622},"point_estimate":658945.3707013803,"standard_error":348605.9468377885},"slope":{"confidence_interval":{"confidence_level":0.95,"lower_bound":60714674.78646646,"upper_bound":61656718.43862057},"point_estimate":61182221.44935065,"standard_error":241061.69022433955},"std_dev":{"confidence_interval":{"confidence_level":0.95,"lower_bound":389122.0976149021,"upper_bound":1043934.2101696185},"point_estimate":768327.5730388387,"standard_error":182738.56744576638}}