{"mean":{"confidence_interval":{"confidence_level":0.95,"lower_bound":257324895.4525,"upper_bound":263263599.62625},"point_estimate":260108100.15,"standard_error":1535284.034496381},"median":{"confidence_interval":{"confidence_level":0.95,"lower_bound":256478406.5,"upper_bound":263949044.25},"point_estimate":257921043.5,"standard_error":2102950.212917149},"median_abs_dev":{"confidence_interval":{"confidence_level":0.95,"lower_bound":559278.2228708267,"upper_bound":8362155.923742056},"point_estimate":3888744.0881609917,"standard_error":2128251.836786823},"slope":null,"std_dev":{"confidence_interval":{"confidence_level":0.95,"lower_bound":2333610.4350909726,"upper_bound":6451964.228723353},"point_estimate":5108632.034896606,"standard_error":1049928.1008690663}}