{"mean":{"confidence_interval":{"confidence_level":0.95,"lower_bound":77604852.04444446,"upper_bound":79361606.03808036},"point_estimate":78522610.340873,"standard_error":448767.1384244387},"median":{"confidence_interval":{"confidence_level":0.95,"lower_bound":77351741.425,"upper_bound":79473111.83333333},"point_estimate":78768583.55714285,"standard_error":481846.3749776924},"median_abs_dev":{"confidence_interval":{"confidence_level":0.95,"lower_bound":160771.82327906415,"upper_bound":2503605.739532094},"point_estimate":1020244.4692995362,"standard_error":601260.4723254634},"slope":{"confidence_interval":{"confidence_level":0.95,"lower_bound":78131863.58401589,"upper_bound":79127710.81283422},"point_estimate":78702151.0116883,"standard_error":252174.72295137486},"std_dev":{"confidence_interval":{"confidence_level":0.95,"lower_bound":602895.3400276375,"upper_bound":1942282.2905722319},"point_estimate":1495453.685846399,"standard_error":328100.20950918045}}