{"mean":{"confidence_interval":{"confidence_level":0.95,"lower_bound":451982173.7,"upper_bound":461374640.22875},"point_estimate":456354848.6,"standard_error":2419957.1519274027},"median":{"confidence_interval":{"confidence_level":0.95,"lower_bound":449953121.0,"upper_bound":461696806.25},"point_estimate":454257109.75,"standard_error":2978212.1349983015},"median_abs_dev":{"confidence_interval":{"confidence_level":0.95,"lower_bound":1765461.1455067992,"upper_bound":12626597.887583077},"point_estimate":6881481.8474292755,"standard_error":2934792.341686281},"slope":null,"std_dev":{"confidence_interval":{"confidence_level":0.95,"lower_bound":3471490.2811605954,"upper_bound":10500338.98092334},"point_estimate":8083670.138646904,"standard_error":1846890.1863949457}}