{"mean":{"confidence_interval":{"confidence_level":0.95,"lower_bound":323315928.9,"upper_bound":328635029.22375},"point_estimate":325844784.55,"standard_error":1358513.799678091},"median":{"confidence_interval":{"confidence_level":0.95,"lower_bound":323140427.75,"upper_bound":328218684.5},"point_estimate":325542242.75,"standard_error":1257818.8307904182},"median_abs_dev":{"confidence_interval":{"confidence_level":0.95,"lower_bound":874961.9342163205,"upper_bound":7065485.106262565},"point_estimate":3449957.5064510107,"standard_error":1577082.4559222665},"slope":null,"std_dev":{"confidence_interval":{"confidence_level":0.95,"lower_bound":1818459.1475747065,"upper_bound":6300236.330916836},"point_estimate":4534502.369269229,"standard_error":1187691.877224445}}