{"mean":{"confidence_interval":{"confidence_level":0.95,"lower_bound":468346601.63,"upper_bound":474757035.5},"point_estimate":471551328.0,"standard_error":1644731.5766457845},"median":{"confidence_interval":{"confidence_level":0.95,"lower_bound":465504775.0,"upper_bound":476393364.5},"point_estimate":471732213.0,"standard_error":2886713.0748359817},"median_abs_dev":{"confidence_interval":{"confidence_level":0.95,"lower_bound":796309.2643126845,"upper_bound":9232799.414885044},"point_estimate":6985107.801939547,"standard_error":2198026.32091332},"slope":null,"std_dev":{"confidence_interval":{"confidence_level":0.95,"lower_bound":3510102.765345946,"upper_bound":6592191.05891914},"point_estimate":5483262.205879478,"standard_error":794636.8562215974}}