{"mean":{"confidence_interval":{"confidence_level":0.95,"lower_bound":257662936.80125,"upper_bound":264033520.1875},"point_estimate":260818673.6,"standard_error":1632808.7428804245},"median":{"confidence_interval":{"confidence_level":0.95,"lower_bound":255111733.0,"upper_bound":266258850.0},"point_estimate":260173961.5,"standard_error":2602713.2332815668},"median_abs_dev":{"confidence_interval":{"confidence_level":0.95,"lower_bound":1125892.7210614085,"upper_bound":9010559.53208059},"point_estimate":7530982.950398326,"standard_error":2118191.1261399155},"slope":null,"std_dev":{"confidence_interval":{"confidence_level":0.95,"lower_bound":3321853.2297641253,"upper_bound":6522940.448992704},"point_estimate":5447056.649769732,"standard_error":807026.5177666668}}