{"mean":{"confidence_interval":{"confidence_level":0.95,"lower_bound":616665397.4025,"upper_bound":628175224.7075},"point_estimate":622542482.3,"standard_error":2942204.407471949},"median":{"confidence_interval":{"confidence_level":0.95,"lower_bound":615174998.5,"upper_bound":627992875.0},"point_estimate":624424703.5,"standard_error":2811302.1277866866},"median_abs_dev":{"confidence_interval":{"confidence_level":0.95,"lower_bound":1039901.551938057,"upper_bound":16482458.278977871},"point_estimate":6743349.490481615,"standard_error":4364999.687963475},"slope":null,"std_dev":{"confidence_interval":{"confidence_level":0.95,"lower_bound":4441263.243679815,"upper_bound":12807764.947368626},"point_estimate":9769023.784503058,"standard_error":2091400.9069939977}}